{
  "stats": {
    "suites": 1,
    "tests": 1,
    "passes": 1,
    "pending": 0,
    "failures": 0,
    "start": "2023-04-11T00:20:30.134Z",
    "end": "2023-04-11T00:20:32.386Z",
    "duration": 2252,
    "testsRegistered": 1,
    "passPercent": 100,
    "pendingPercent": 0,
    "other": 0,
    "hasOther": false,
    "skipped": 0,
    "hasSkipped": false
  },
  "results": [
    {
      "uuid": "8ddf6359-c984-4c73-8ea8-98500217cc0b",
      "title": "",
      "fullFile": "/Users/amandeepdahelay/Desktop/React-Prepration/internal/src/test/index.js",
      "file": "/src/test/index.js",
      "beforeHooks": [],
      "afterHooks": [],
      "tests": [],
      "suites": [
        {
          "uuid": "f3a06e4c-04b4-42e2-a3a0-1e5db65bffd1",
          "title": "Test Login Page",
          "fullFile": "/Users/amandeepdahelay/Desktop/React-Prepration/internal/src/test/index.js",
          "file": "/src/test/index.js",
          "beforeHooks": [
            {
              "title": "\"before each\" hook in \"Test Login Page\"",
              "fullTitle": "Test Login Page \"before each\" hook in \"Test Login Page\"",
              "timedOut": null,
              "duration": 1068,
              "state": null,
              "speed": null,
              "pass": false,
              "fail": false,
              "pending": null,
              "context": null,
              "code": "// Launch the browser\ndriver = await new Builder().forBrowser(Browser.CHROME).build();",
              "err": {},
              "uuid": "c4696c9c-d682-4547-8718-e091c7e51dfb",
              "parentUUID": null,
              "isHook": true,
              "skipped": false
            }
          ],
          "afterHooks": [
            {
              "title": "\"after each\" hook in \"Test Login Page\"",
              "fullTitle": "Test Login Page \"after each\" hook in \"Test Login Page\"",
              "timedOut": null,
              "duration": 0,
              "state": null,
              "speed": null,
              "pass": false,
              "fail": false,
              "pending": null,
              "context": null,
              "code": "driver.quit()",
              "err": {},
              "uuid": "239ae1c2-8faf-4b9d-a148-295b25c180cf",
              "parentUUID": null,
              "isHook": true,
              "skipped": false
            }
          ],
          "tests": [
            {
              "title": "if login button clicked and email/password both entered",
              "fullTitle": "Test Login Page if login button clicked and email/password both entered",
              "timedOut": null,
              "duration": 827,
              "state": "passed",
              "speed": "slow",
              "pass": true,
              "fail": false,
              "pending": false,
              "context": null,
              "code": "await driver.get(\"http://localhost:3000\");\nawait driver.findElement(By.id(\"email\")).sendKeys(\"amansoft.developer@gmail.com\", Key.RETURN);\nawait driver.findElement(By.id(\"pass\")).sendKeys(\"amansoft\", Key.RETURN);\nawait driver.findElement(By.className(\"btn\")).click();    \nconst newUrl = await driver.getCurrentUrl();\nconst chechDashboard = newUrl.includes(\"/dashboard\");\nassert.strictEqual(true, chechDashboard);",
              "err": {},
              "uuid": "f753d489-9e6e-4f31-9aa4-3d18dcce0109",
              "parentUUID": null,
              "isHook": false,
              "skipped": false
            }
          ],
          "suites": [],
          "passes": [
            "f753d489-9e6e-4f31-9aa4-3d18dcce0109"
          ],
          "failures": [],
          "pending": [],
          "skipped": [],
          "duration": 827,
          "root": false,
          "rootEmpty": false,
          "_timeout": null
        }
      ],
      "passes": [],
      "failures": [],
      "pending": [],
      "skipped": [],
      "duration": 0,
      "root": true,
      "rootEmpty": true,
      "_timeout": 0
    }
  ],
  "meta": {
    "mocha": {
      "version": "10.2.0"
    },
    "mochawesome": {
      "options": {
        "quiet": false,
        "reportFilename": "Report",
        "saveHtml": true,
        "saveJson": true,
        "consoleReporter": "spec",
        "useInlineDiffs": false,
        "code": true
      },
      "version": "7.1.3"
    },
    "marge": {
      "options": {
        "reportDir": "/Users/amandeepdahelay/Desktop/React-Prepration/internal/TestReport",
        "reportFilename": "Report"
      },
      "version": "6.2.0"
    }
  }
}